dataset,decoder,comparison,n,random_draws_per_fold,mean_full,mean_t1,mean_comparator,mean_diff,ci95_lo,ci95_hi,p_two_sided,n_t1_better,n_t1_worse,p_holm,holm_family_size
cho2017,csp,T1 minus csp_rank,52,5,0.6535897435897435,0.6563141025641025,0.6631730769230769,-0.006858974358974349,-0.023284955236294765,0.009567006518346069,0.4057718652473459,28,21,1.0,12
cho2017,csp,T1 minus random,52,5,0.6535897435897435,0.6563141025641025,0.6519583333333332,0.004355769230769239,-0.010412585652078688,0.019124124113617167,0.5563893266728138,33,19,1.0,12
cho2017,riemann,T1 minus csp_rank,52,5,0.5969551282051283,0.6428205128205129,0.6276602564102565,0.015160256410256406,0.00022456375265249295,0.03009594906786032,0.04677649174601418,28,23,0.32743544222209925,12
cho2017,riemann,T1 minus random,52,5,0.5969551282051283,0.6428205128205129,0.6033910256410256,0.03942948717948717,0.02465673280313333,0.054202241555841,2.034110197635599e-06,43,9,2.2375212173991587e-05,12
lee2019_mi,csp,T1 minus csp_rank,54,5,0.7238888888888888,0.7366666666666666,0.7337037037037036,0.0029629629629629606,-0.01037319961230954,0.01629912553823546,0.6576819250718926,20,27,1.0,12
lee2019_mi,csp,T1 minus random,54,5,0.7238888888888888,0.7366666666666666,0.7243703703703703,0.012296296296296298,-0.0017325707665537624,0.026325163359146357,0.08451523926129827,32,20,0.5070914355677896,12
lee2019_mi,riemann,T1 minus csp_rank,54,5,0.6675925925925925,0.7299999999999999,0.7074074074074074,0.022592592592592567,0.009942814391787123,0.03524237079339801,0.0007400859280510511,33,18,0.006660773352459459,12
lee2019_mi,riemann,T1 minus random,54,5,0.6675925925925925,0.7299999999999999,0.6742222222222222,0.05577777777777775,0.04008123537165729,0.07147432018389821,2.8123813342568705e-09,44,9,3.3748576011082444e-08,12
schirrmeister2017,csp,T1 minus csp_rank,14,1,0.7249551830349275,0.7378107993867478,0.7371178002643614,0.0006929991223864063,-0.007257589903186394,0.008643588147959206,0.853545430223883,8,6,1.0,12
schirrmeister2017,csp,T1 minus random,14,1,0.7249551830349275,0.7378107993867478,0.7334302166530967,0.0043805827336509595,-0.0055510766247545565,0.014312242092056476,0.3580335306417446,8,6,1.0,12
schirrmeister2017,riemann,T1 minus csp_rank,14,1,0.5466339727670341,0.6638638892919972,0.6345987646382572,0.0292651246537401,0.011126222129856145,0.047404027177624056,0.004024285659901034,12,2,0.03219428527920827,12
schirrmeister2017,riemann,T1 minus random,14,1,0.5466339727670341,0.6638638892919972,0.584640612496675,0.07922327679532229,0.05425789330586901,0.10418866028477557,1.160528947908432e-05,14,0,0.0001160528947908432,12
