dataset,decoder,config,channels,samples,rate_hz,input_values,params,macs,temporal_kernel_samples,temporal_kernel_ms,latency_median_ms,latency_p95_ms,timed_passes,threads,cpu,torch,input_values_pct_of_full,params_pct_of_full,macs_pct_of_full,latency_median_ms_pct_of_full
cho2017,eegnet,full,64,750,250.0,48000,16874,147018720,375,1500.0,1.66,2.097,300,1,"Intel64 Family 6 Model 183 Stepping 1, GenuineIntel",2.14.0+cpu,100.0,100.0,100.0,100.0
cho2017,eegnet,T1,29,750,250.0,21750,16314,67848720,375,1500.0,0.904,1.236,300,1,"Intel64 Family 6 Model 183 Stepping 1, GenuineIntel",2.14.0+cpu,45.31,96.68,46.15,54.46
cho2017,eegnet,T2,64,448,149.33,28672,10778,52900288,225,1506.7,0.971,1.367,300,1,"Intel64 Family 6 Model 183 Stepping 1, GenuineIntel",2.14.0+cpu,59.73,63.87,35.98,58.49
cho2017,eegnet,T3,29,448,149.33,12992,10218,24425408,225,1506.7,0.563,0.772,300,1,"Intel64 Family 6 Model 183 Stepping 1, GenuineIntel",2.14.0+cpu,27.07,60.55,16.61,33.92
cho2017,atcnet,full,64,750,250.0,48000,16018,290785984,375,1500.0,3.861,4.748,300,1,"Intel64 Family 6 Model 183 Stepping 1, GenuineIntel",2.14.0+cpu,100.0,100.0,100.0,100.0
cho2017,atcnet,T1,29,750,250.0,21750,14898,132445984,375,1500.0,1.827,2.345,300,1,"Intel64 Family 6 Model 183 Stepping 1, GenuineIntel",2.14.0+cpu,45.31,93.01,45.55,47.32
cho2017,atcnet,T2,64,448,149.33,28672,13618,104756800,225,1506.7,2.068,2.908,300,1,"Intel64 Family 6 Model 183 Stepping 1, GenuineIntel",2.14.0+cpu,59.73,85.02,36.03,53.56
cho2017,atcnet,T3,29,448,149.33,12992,12498,47807040,225,1506.7,1.205,1.751,300,1,"Intel64 Family 6 Model 183 Stepping 1, GenuineIntel",2.14.0+cpu,27.07,78.02,16.44,31.21
lee2019_mi,eegnet,full,62,4001,1000.0,248062,85338,4039205488,2001,2001.0,12.152,14.102,300,1,"Intel64 Family 6 Model 183 Stepping 1, GenuineIntel",2.14.0+cpu,100.0,100.0,100.0,100.0
lee2019_mi,eegnet,T1,29,4001,1000.0,116029,84810,1923508696,2001,2001.0,5.467,7.288,300,1,"Intel64 Family 6 Model 183 Stepping 1, GenuineIntel",2.14.0+cpu,46.77,99.38,47.62,44.99
lee2019_mi,eegnet,T2,62,434,108.47,26908,10138,47889728,217,2000.5,0.923,1.311,300,1,"Intel64 Family 6 Model 183 Stepping 1, GenuineIntel",2.14.0+cpu,10.85,11.88,1.19,7.6
lee2019_mi,eegnet,T3,29,434,108.47,12586,9610,22797584,217,2000.5,0.556,0.83,300,1,"Intel64 Family 6 Model 183 Stepping 1, GenuineIntel",2.14.0+cpu,5.07,11.26,0.56,4.58
lee2019_mi,atcnet,full,62,4001,1000.0,248062,41970,7969635040,2001,2001.0,19.111,24.327,300,1,"Intel64 Family 6 Model 183 Stepping 1, GenuineIntel",2.14.0+cpu,100.0,100.0,100.0,100.0
lee2019_mi,atcnet,T1,29,4001,1000.0,116029,40914,3738241456,2001,2001.0,9.803,11.426,300,1,"Intel64 Family 6 Model 183 Stepping 1, GenuineIntel",2.14.0+cpu,46.77,97.48,46.91,51.3
lee2019_mi,atcnet,T2,62,434,108.47,26908,13426,94876672,217,2000.5,1.923,2.727,300,1,"Intel64 Family 6 Model 183 Stepping 1, GenuineIntel",2.14.0+cpu,10.85,31.99,1.19,10.06
lee2019_mi,atcnet,T3,29,434,108.47,12586,12370,44692384,217,2000.5,1.188,1.869,300,1,"Intel64 Family 6 Model 183 Stepping 1, GenuineIntel",2.14.0+cpu,5.07,29.47,0.56,6.22
bnci2014_001,eegnet,full,22,1001,250.0,22022,22556,92650512,501,2004.0,0.872,1.124,300,1,"Intel64 Family 6 Model 183 Stepping 1, GenuineIntel",2.14.0+cpu,100.0,100.0,100.0,100.0
bnci2014_001,eegnet,T1,17,1001,250.0,17017,22476,72510392,501,2004.0,0.756,1.073,300,1,"Intel64 Family 6 Model 183 Stepping 1, GenuineIntel",2.14.0+cpu,77.27,99.65,78.26,86.7
bnci2014_001,eegnet,T2,22,277,69.18,6094,6412,7174832,139,2009.2,0.349,0.448,300,1,"Intel64 Family 6 Model 183 Stepping 1, GenuineIntel",2.14.0+cpu,27.67,28.43,7.74,40.02
bnci2014_001,eegnet,T3,17,277,69.18,4709,6332,5612552,139,2009.2,0.317,0.476,300,1,"Intel64 Family 6 Model 183 Stepping 1, GenuineIntel",2.14.0+cpu,21.38,28.07,6.06,36.35
bnci2014_001,atcnet,full,22,1001,250.0,22022,16756,179169184,501,2004.0,1.733,2.329,300,1,"Intel64 Family 6 Model 183 Stepping 1, GenuineIntel",2.14.0+cpu,100.0,100.0,100.0,100.0
bnci2014_001,atcnet,T1,17,1001,250.0,17017,16596,138888944,501,2004.0,1.494,1.975,300,1,"Intel64 Family 6 Model 183 Stepping 1, GenuineIntel",2.14.0+cpu,77.27,99.05,77.52,86.21
bnci2014_001,atcnet,T2,22,277,69.18,6094,10964,14076768,139,2009.2,0.78,1.023,300,1,"Intel64 Family 6 Model 183 Stepping 1, GenuineIntel",2.14.0+cpu,27.67,65.43,7.86,45.01
bnci2014_001,atcnet,T3,17,277,69.18,4709,10804,10952208,139,2009.2,0.753,1.17,300,1,"Intel64 Family 6 Model 183 Stepping 1, GenuineIntel",2.14.0+cpu,21.38,64.48,6.11,43.45
schirrmeister2017,eegnet,full,128,2001,500.0,256128,46108,2071175040,1001,2002.0,9.929,12.19,300,1,"Intel64 Family 6 Model 183 Stepping 1, GenuineIntel",2.14.0+cpu,100.0,100.0,100.0,100.0
schirrmeister2017,eegnet,T1,81,2001,500.0,162081,45356,1316541912,1001,2002.0,5.747,7.083,300,1,"Intel64 Family 6 Model 183 Stepping 1, GenuineIntel",2.14.0+cpu,63.28,98.37,63.56,57.88
schirrmeister2017,eegnet,T2,128,896,223.89,114688,22108,417064704,449,2005.5,4.005,5.516,300,1,"Intel64 Family 6 Model 183 Stepping 1, GenuineIntel",2.14.0+cpu,44.78,47.95,20.14,40.34
schirrmeister2017,eegnet,T3,81,896,223.89,72576,21356,265124608,449,2005.5,2.317,2.952,300,1,"Intel64 Family 6 Model 183 Stepping 1, GenuineIntel",2.14.0+cpu,28.34,46.32,12.8,23.34
schirrmeister2017,atcnet,full,128,2001,500.0,256128,28148,4116214272,1001,2002.0,19.475,27.046,300,1,"Intel64 Family 6 Model 183 Stepping 1, GenuineIntel",2.14.0+cpu,100.0,100.0,100.0,100.0
schirrmeister2017,atcnet,T1,81,2001,500.0,162081,26644,2606948016,1001,2002.0,12.391,15.194,300,1,"Intel64 Family 6 Model 183 Stepping 1, GenuineIntel",2.14.0+cpu,63.28,94.66,63.33,63.63
schirrmeister2017,atcnet,T2,128,896,223.89,114688,19316,829230208,449,2005.5,8.797,10.565,300,1,"Intel64 Family 6 Model 183 Stepping 1, GenuineIntel",2.14.0+cpu,44.78,68.62,20.15,45.17
schirrmeister2017,atcnet,T3,81,896,223.89,72576,17812,525350016,449,2005.5,5.31,6.731,300,1,"Intel64 Family 6 Model 183 Stepping 1, GenuineIntel",2.14.0+cpu,28.34,63.28,12.76,27.27
